{
  "API Flow Transaction" : {
    "transaction" : "API Flow Transaction",
    "sampleCount" : 3454,
    "errorCount" : 3454,
    "errorPct" : 100.0,
    "meanResTime" : 2808.6887666473704,
    "medianResTime" : 2922.0,
    "minResTime" : 153.0,
    "maxResTime" : 6000.0,
    "pct1ResTime" : 4091.0,
    "pct2ResTime" : 4338.75,
    "pct3ResTime" : 4890.049999999998,
    "throughput" : 57.310678967279486,
    "receivedKBytesPerSec" : 45.568611892919954,
    "sentKBytesPerSec" : 80.09168746785193
  },
  "Send Coins" : {
    "transaction" : "Send Coins",
    "sampleCount" : 3591,
    "errorCount" : 3591,
    "errorPct" : 100.0,
    "meanResTime" : 977.424115845167,
    "medianResTime" : 1024.0,
    "minResTime" : 0.0,
    "maxResTime" : 3580.0,
    "pct1ResTime" : 1734.8000000000002,
    "pct2ResTime" : 1917.3999999999996,
    "pct3ResTime" : 2176.6399999999994,
    "throughput" : 60.462688577586206,
    "receivedKBytesPerSec" : 11.802492470576844,
    "sentKBytesPerSec" : 22.691167634108968
  },
  "Total" : {
    "transaction" : "Total",
    "sampleCount" : 14280,
    "errorCount" : 3634,
    "errorPct" : 25.44818,
    "meanResTime" : 705.4309523809516,
    "medianResTime" : 428.5,
    "minResTime" : 0.0,
    "maxResTime" : 3757.0,
    "pct1ResTime" : 1808.0,
    "pct2ResTime" : 2075.949999999999,
    "pct3ResTime" : 2521.380000000001,
    "throughput" : 236.46690622464357,
    "receivedKBytesPerSec" : 47.194866304293825,
    "sentKBytesPerSec" : 82.719706429358
  },
  "Get Info" : {
    "transaction" : "Get Info",
    "sampleCount" : 3595,
    "errorCount" : 13,
    "errorPct" : 0.36161336,
    "meanResTime" : 118.75438108484023,
    "medianResTime" : 64.0,
    "minResTime" : 0.0,
    "maxResTime" : 1200.0,
    "pct1ResTime" : 344.0,
    "pct2ResTime" : 451.1999999999998,
    "pct3ResTime" : 673.1999999999998,
    "throughput" : 60.92807267303912,
    "receivedKBytesPerSec" : 11.936889342247984,
    "sentKBytesPerSec" : 19.415179346951057
  },
  "Buy Item" : {
    "transaction" : "Buy Item",
    "sampleCount" : 3454,
    "errorCount" : 17,
    "errorPct" : 0.49218297,
    "meanResTime" : 294.5654313839031,
    "medianResTime" : 201.0,
    "minResTime" : 0.0,
    "maxResTime" : 2183.0,
    "pct1ResTime" : 682.5,
    "pct2ResTime" : 889.25,
    "pct3ResTime" : 1262.2999999999975,
    "throughput" : 58.38700407390503,
    "receivedKBytesPerSec" : 8.163261532870159,
    "sentKBytesPerSec" : 18.95112661012222
  },
  "Login Request" : {
    "transaction" : "Login Request",
    "sampleCount" : 3640,
    "errorCount" : 13,
    "errorPct" : 0.35714287,
    "meanResTime" : 1406.3936813186826,
    "medianResTime" : 1439.0,
    "minResTime" : 113.0,
    "maxResTime" : 3757.0,
    "pct1ResTime" : 2266.8,
    "pct2ResTime" : 2445.95,
    "pct3ResTime" : 2808.670000000002,
    "throughput" : 60.275878057262084,
    "receivedKBytesPerSec" : 15.927385238826608,
    "sentKBytesPerSec" : 22.86875895237543
  }
}